{
  "analysis_time": "2025-12-10T07:23:34.667460",
  "data_directory": "./capacity-data",
  "target_users": 500,
  "current_infrastructure": {
    "node_count": 3,
    "nodes": [
      "translation01",
      "translation03",
      "translation02"
    ],
    "total_vcpu": 12,
    "total_memory_gb": 94.02,
    "per_node": {
      "translation01": {
        "vcpu": 4,
        "memory_gb": 31.34
      },
      "translation03": {
        "vcpu": 4,
        "memory_gb": 31.34
      },
      "translation02": {
        "vcpu": 4,
        "memory_gb": 31.34
      }
    }
  },
  "resource_usage": {
    "cpu": {
      "10.0.1.58": {
        "min": 36.38881468376067,
        "max": 36.38881468376067,
        "avg": 36.38881468376067,
        "p50": 36.38881468376067,
        "p95": 36.38881468376067,
        "p99": 36.38881468376067,
        "count": 1
      },
      "10.0.1.59": {
        "min": 36.30577978703708,
        "max": 36.30577978703708,
        "avg": 36.30577978703708,
        "p50": 36.30577978703708,
        "p95": 36.30577978703708,
        "p99": 36.30577978703708,
        "count": 1
      },
      "10.0.1.60": {
        "min": 36.385437935185195,
        "max": 36.385437935185195,
        "avg": 36.385437935185195,
        "p50": 36.385437935185195,
        "p95": 36.385437935185195,
        "p99": 36.385437935185195,
        "count": 1
      },
      "translation01": {
        "min": 2.5482456140350394,
        "max": 89.90410188888879,
        "avg": 4.777554383092386,
        "p50": 2.613157894737256,
        "p95": 11.344736842105291,
        "p99": 52.86087360493827,
        "count": 135
      },
      "translation02": {
        "min": 1.6043859649122965,
        "max": 85.7001736666661,
        "avg": 3.2863654652495433,
        "p50": 1.7271929824560317,
        "p95": 5.043859649122794,
        "p99": 56.98062666666666,
        "count": 135
      },
      "translation03": {
        "min": 0.7122807017543806,
        "max": 89.07779216666655,
        "avg": 2.116651092091315,
        "p50": 0.7543859649123306,
        "p95": 0.8798245614035238,
        "p99": 46.448219972222226,
        "count": 135
      }
    },
    "memory": {
      "10.0.1.58": {
        "min": 7.976648912783624,
        "max": 7.976648912783624,
        "avg": 7.976648912783624,
        "p50": 7.976648912783624,
        "p95": 7.976648912783624,
        "p99": 7.976648912783624,
        "count": 1
      },
      "10.0.1.59": {
        "min": 3.3834816643833254,
        "max": 3.3834816643833254,
        "avg": 3.3834816643833254,
        "p50": 3.3834816643833254,
        "p95": 3.3834816643833254,
        "p99": 3.3834816643833254,
        "count": 1
      },
      "10.0.1.60": {
        "min": 10.101184449394019,
        "max": 10.101184449394019,
        "avg": 10.101184449394019,
        "p50": 10.101184449394019,
        "p95": 10.101184449394019,
        "p99": 10.101184449394019,
        "count": 1
      },
      "translation01": {
        "min": 5.783834394727682,
        "max": 9.119868382068862,
        "avg": 8.198336503673895,
        "p50": 8.013979779664615,
        "p95": 8.986385636350935,
        "p99": 9.079102951154272,
        "count": 136
      },
      "translation02": {
        "min": 7.0222806390130454,
        "max": 11.720834336543529,
        "avg": 10.36744286649639,
        "p50": 10.393492916991164,
        "p95": 10.59109996550337,
        "p99": 11.649455272081555,
        "count": 136
      },
      "translation03": {
        "min": 3.2484051390498148,
        "max": 3.4151177772678842,
        "avg": 3.3019874402825753,
        "p50": 3.2944777502153633,
        "p95": 3.3864639066521707,
        "p99": 3.4139857424474673,
        "count": 136
      }
    },
    "disk": {
      "10.0.1.58": {
        "min": 40.324431585444344,
        "max": 40.324431585444344,
        "avg": 40.324431585444344,
        "p50": 40.324431585444344,
        "p95": 40.324431585444344,
        "p99": 40.324431585444344,
        "count": 1
      },
      "10.0.1.59": {
        "min": 13.504782401111958,
        "max": 13.504782401111958,
        "avg": 13.504782401111958,
        "p50": 13.504782401111958,
        "p95": 13.504782401111958,
        "p99": 13.504782401111958,
        "count": 1
      },
      "10.0.1.60": {
        "min": 13.709218696345104,
        "max": 13.709218696345104,
        "avg": 13.709218696345104,
        "p50": 13.709218696345104,
        "p95": 13.709218696345104,
        "p99": 13.709218696345104,
        "count": 1
      },
      "translation01": {
        "min": 40.275489961494635,
        "max": 42.9732890251841,
        "avg": 42.55314717053879,
        "p50": 42.69111351925498,
        "p95": 42.747636975653606,
        "p99": 42.89960396168855,
        "count": 136
      },
      "translation02": {
        "min": 13.709417694572112,
        "max": 15.199795015906325,
        "avg": 15.08859059257561,
        "p50": 15.197717474416395,
        "p95": 15.199699496757368,
        "p99": 15.199795015906325,
        "count": 136
      },
      "translation03": {
        "min": 13.504677663474107,
        "max": 14.46180242517583,
        "avg": 13.54864667787236,
        "p50": 13.506385692645306,
        "p95": 13.509133041453703,
        "p99": 14.461770198210344,
        "count": 136
      }
    },
    "network": {
      "translation01": {
        "rx": {
          "min": 4.278828000000001,
          "max": 55.79298245614035,
          "avg": 41.131947183429354,
          "p50": 41.4,
          "p95": 42.37543859649122,
          "p99": 43.46315789473684,
          "count": 135
        },
        "tx": {
          "min": 98.04097200000001,
          "max": 948.4491228070175,
          "avg": 932.4837222599773,
          "p50": 945.7192982456139,
          "p95": 947.7894736842104,
          "p99": 948.1403508771929,
          "count": 135
        }
      },
      "translation03": {
        "rx": {
          "min": 4.859200666666667,
          "max": 43.90526315789473,
          "avg": 39.19436860578359,
          "p50": 39.807017543859644,
          "p95": 43.19649122807017,
          "p99": 43.575438596491225,
          "count": 135
        },
        "tx": {
          "min": 92.3468,
          "max": 896.9128923968254,
          "avg": 829.6114174145561,
          "p50": 837.6526315789473,
          "p95": 851.8315789473684,
          "p99": 858.9228070175437,
          "count": 135
        }
      },
      "translation02": {
        "rx": {
          "min": 6.026598,
          "max": 45.61754385964912,
          "avg": 42.88451126746805,
          "p50": 42.873684210526314,
          "p95": 45.070175438596486,
          "p99": 45.52631578947368,
          "count": 135
        },
        "tx": {
          "min": 126.514887,
          "max": 921.698245614035,
          "avg": 864.9952417233653,
          "p50": 870.477192982456,
          "p95": 898.2596491228069,
          "p99": 903.1052631578947,
          "count": 135
        }
      }
    }
  },
  "service_performance": {
    "stt": {
      "p95_latency_seconds": {
        "min": 0.16899999999999993,
        "max": 0.44999999999999996,
        "avg": 0.320819143575998,
        "p50": 0.32,
        "p95": 0.36250000000000004,
        "p99": 0.43083333333333323,
        "count": 122
      },
      "request_rate": {
        "min": 0.0,
        "max": 0.7593642573099415,
        "avg": 0.20349416787700567,
        "p50": 0.1894736842105263,
        "p95": 0.42105263157894735,
        "p99": 0.6385964912280702,
        "count": 261
      }
    },
    "translation": {
      "p95_latency_seconds": {
        "min": 0.375,
        "max": 6.375,
        "avg": 1.5490281083333328,
        "p50": 0.7291666666666667,
        "p95": 6.375,
        "p99": 6.375,
        "count": 10
      },
      "request_rate": {
        "min": 0.0,
        "max": 0.2807017543859649,
        "avg": 0.0035841841178381683,
        "p50": 0.0,
        "p95": 0.0,